action,
mammal,
simply,
gesture,
solar,
pressure,
quote,
wrestle,
jealous,
partial,
temperature,
inquire,
museum,
especially,
patient,
intermission,
mechanic,
disastrous,
studios,
violence,
unsuccessful,
immediate,
acknowledgement,
unmistakable,
preferabie,
climate,
surface,
further,
heroes,
grief,
sailor,
myth,
rehearse,
headache,
scarcely,
scientific,
marriage,
excellent,
league,
vault,
acquire
requirement,
scissors,
descendant,
unbelievable,
independence,
strengthen,
desperately,
recyclable,
millionaire,
express,
gaze
noisy,squawk,hyphen,listening,rumor,whose,grateful,governor,hangar,sword
ingredient,ancient,honorable,vacuum
accidentally,vegetable,systematic,separately,variety
noticeable,courageous,exaggerate,rhythmic
increase,teaspoon,poem
bough,spaghetti,recently,safety,rural
separate,ambulance,emergency,sentence
comfortable,nationality,struggling,persuade
performance,appearance,audience
lightning
encyclopedia,operational,restaurant,convenience,mischievous